{"stats":{"minecraft:used":{"minecraft:oak_log":11,"minecraft:diorite":4,"minecraft:stone_sword":11,"minecraft:cobblestone_stairs":24,"minecraft:stone_pickaxe":184,"minecraft:birch_sapling":2,"minecraft:wooden_pickaxe":11,"minecraft:stone_axe":12,"minecraft:torch":1,"minecraft:dirt":2,"minecraft:cobblestone":20,"minecraft:crafting_table":2,"minecraft:birch_log":26,"minecraft:diorite_stairs":21},"minecraft:picked_up":{"minecraft:birch_log":29,"minecraft:stick":2,"minecraft:crafting_table":1,"minecraft:torch":1,"minecraft:oak_log":11,"minecraft:diorite":40,"minecraft:cobblestone_stairs":1,"minecraft:diorite_stairs":1,"minecraft:dirt":2,"minecraft:granite":24,"minecraft:oak_sapling":1,"minecraft:birch_sapling":3,"minecraft:coal":5,"minecraft:cobblestone":110},"minecraft:mined":{"minecraft:birch_log":30,"minecraft:cobblestone_stairs":1,"minecraft:birch_leaves":2,"minecraft:crafting_table":1,"minecraft:granite":24,"minecraft:grass":1,"minecraft:grass_block":3,"minecraft:coal_ore":5,"minecraft:oak_log":11,"minecraft:dirt":1,"minecraft:cobblestone":9,"minecraft:diorite_stairs":1,"minecraft:stone":113,"minecraft:diorite":42,"minecraft:oak_leaves":2},"minecraft:killed_by":{"apocalypsenow:runner_28":2,"apocalypsenow:runner_48":2,"apocalypsenow:runner_45":1,"apocalypsenow:special_1":1,"apocalypsenow:special_2":1,"zombie_extreme:military":1},"minecraft:custom":{"minecraft:time_since_rest":12230,"minecraft:interact_with_furnace":2,"minecraft:sprint_one_cm":82396,"minecraft:damage_taken":2250,"minecraft:walk_one_cm":73894,"minecraft:mob_kills":2,"minecraft:damage_dealt":270,"minecraft:interact_with_crafting_table":7,"minecraft:fly_one_cm":44227,"minecraft:play_one_minute":25916,"minecraft:crouch_one_cm":80,"minecraft:deaths":8,"minecraft:sneak_time":247,"minecraft:jump":325,"minecraft:leave_game":2,"minecraft:walk_on_water_one_cm":3691,"minecraft:time_since_death":12203,"minecraft:fall_one_cm":5554},"minecraft:broken":{"minecraft:stone_pickaxe":1},"minecraft:crafted":{"minecraft:crafting_table":1,"minecraft:stick":8,"minecraft:wooden_pickaxe":1,"minecraft:stone_pickaxe":2,"minecraft:stone_sword":1,"minecraft:diorite_stairs":20,"minecraft:cobblestone_stairs":24,"minecraft:birch_planks":100,"minecraft:stone_axe":1},"minecraft:killed":{"apocalypsenow:runner_28":1,"apocalypsenow:special_2":1}},"DataVersion":2586}