{"stats":{"minecraft:used":{"minecraft:oak_log":11,"minecraft:stone_sword":10,"minecraft:stone_pickaxe":8,"minecraft:birch_sapling":2,"minecraft:wooden_pickaxe":9,"minecraft:stone_axe":12,"minecraft:dirt":1,"minecraft:crafting_table":2,"minecraft:birch_log":24},"minecraft:picked_up":{"minecraft:birch_log":29,"minecraft:stick":2,"minecraft:crafting_table":1,"minecraft:oak_log":11,"minecraft:dirt":2,"minecraft:oak_sapling":1,"minecraft:birch_sapling":2,"minecraft:cobblestone":17},"minecraft:mined":{"minecraft:birch_log":30,"minecraft:birch_leaves":1,"minecraft:crafting_table":1,"minecraft:grass":1,"minecraft:grass_block":2,"minecraft:oak_log":11,"minecraft:dirt":1,"minecraft:stone":17,"minecraft:oak_leaves":2},"minecraft:killed_by":{"apocalypsenow:runner_28":2,"apocalypsenow:runner_48":2,"apocalypsenow:runner_45":1,"apocalypsenow:special_1":1,"apocalypsenow:special_2":1,"zombie_extreme:military":1},"minecraft:custom":{"minecraft:time_since_rest":230,"minecraft:sprint_one_cm":51893,"minecraft:damage_taken":2175,"minecraft:walk_one_cm":26716,"minecraft:mob_kills":2,"minecraft:damage_dealt":270,"minecraft:interact_with_crafting_table":2,"minecraft:fly_one_cm":32311,"minecraft:play_one_minute":13916,"minecraft:crouch_one_cm":52,"minecraft:deaths":8,"minecraft:sneak_time":111,"minecraft:jump":206,"minecraft:leave_game":2,"minecraft:walk_on_water_one_cm":3691,"minecraft:time_since_death":203,"minecraft:fall_one_cm":4865},"minecraft:crafted":{"minecraft:crafting_table":1,"minecraft:stick":8,"minecraft:wooden_pickaxe":1,"minecraft:stone_pickaxe":1,"minecraft:stone_sword":1,"minecraft:birch_planks":12,"minecraft:stone_axe":1},"minecraft:killed":{"apocalypsenow:runner_28":1,"apocalypsenow:special_2":1}},"DataVersion":2586}