{"stats":{"minecraft:picked_up":{"minecraft:birch_log":1},"minecraft:mined":{"minecraft:grass":1,"minecraft:birch_log":1},"minecraft:killed_by":{"apocalypsenow:runner_48":2,"apocalypsenow:runner_45":1},"minecraft:custom":{"minecraft:jump":46,"minecraft:time_since_rest":1930,"minecraft:damage_dealt":62,"minecraft:play_one_minute":3644,"minecraft:walk_on_water_one_cm":3373,"minecraft:deaths":3,"minecraft:sprint_one_cm":11777,"minecraft:damage_taken":825,"minecraft:time_since_death":1221,"minecraft:walk_one_cm":7391,"minecraft:sneak_time":14,"minecraft:fall_one_cm":267,"minecraft:fly_one_cm":5451}},"DataVersion":2586}