{"stats":{"minecraft:used":{"minecraft:diorite":2,"minecraft:apple":1,"minecraft:stone_sword":29,"minecraft:birch_planks":16,"minecraft:stone_pickaxe":203,"minecraft:wooden_pickaxe":14,"minecraft:stone":2,"minecraft:stone_axe":3,"minecraft:torch":9,"minecraft:dirt":11,"minecraft:cobblestone":27,"minecraft:crafting_table":2,"minecraft:furnace":3,"minecraft:birch_log":12,"minecraft:granite":14},"minecraft:picked_up":{"minecraft:birch_log":18,"minecraft:crafting_table":1,"minecraft:andesite":4,"minecraft:torch":4,"apocalypsenow:biohazard_boots":1,"minecraft:diorite":4,"minecraft:dirt":11,"minecraft:apple":1,"minecraft:granite":14,"minecraft:coal":29,"minecraft:cobblestone":174,"minecraft:furnace":1},"minecraft:killed_by":{"apocalypsenow:runner_28":1,"apocalypsenow:special_2":1},"minecraft:mined":{"minecraft:furnace":1,"minecraft:birch_log":18,"minecraft:andesite":4,"minecraft:birch_leaves":1,"minecraft:crafting_table":1,"minecraft:granite":14,"minecraft:grass_block":3,"minecraft:coal_ore":29,"minecraft:dirt":7,"minecraft:cobblestone":3,"minecraft:stone":160,"minecraft:diorite":1,"minecraft:oak_leaves":21,"minecraft:wall_torch":2},"minecraft:custom":{"minecraft:time_since_rest":12531,"minecraft:interact_with_furnace":6,"minecraft:sprint_one_cm":15280,"minecraft:damage_taken":632,"minecraft:walk_one_cm":83027,"minecraft:mob_kills":2,"minecraft:drop":2,"minecraft:damage_dealt":394,"minecraft:interact_with_crafting_table":4,"minecraft:swim_one_cm":51,"minecraft:fly_one_cm":34426,"minecraft:crouch_one_cm":578,"minecraft:play_one_minute":37071,"minecraft:deaths":2,"minecraft:sneak_time":438,"minecraft:walk_under_water_one_cm":796,"minecraft:jump":124,"minecraft:time_since_death":12498,"minecraft:walk_on_water_one_cm":2834,"minecraft:fall_one_cm":1357},"minecraft:broken":{"minecraft:stone_pickaxe":1},"minecraft:crafted":{"minecraft:crafting_table":1,"minecraft:stick":20,"minecraft:wooden_pickaxe":1,"minecraft:stone_pickaxe":2,"minecraft:stone_sword":1,"minecraft:furnace":2,"minecraft:stone":2,"minecraft:torch":36,"minecraft:birch_planks":72,"minecraft:stone_axe":1,"minecraft:air":0},"minecraft:dropped":{"minecraft:diorite":2},"minecraft:killed":{"apocalypsenow:runner_28":1,"apocalypsenow:runner_43":1}},"DataVersion":2586}