{"stats":{"minecraft:dropped":{"minecraft:wooden_sword":1,"minecraft:wooden_pickaxe":1},"minecraft:crafted":{"minecraft:air":25},"minecraft:picked_up":{"minecraft:stick":5,"minecraft:wooden_sword":1,"minecraft:rotten_flesh":2,"minecraft:oak_log":4,"minecraft:dirt":10,"minecraft:cobblestone":16},"minecraft:custom":{"minecraft:time_since_rest":137,"minecraft:walk_one_cm":16990,"minecraft:crouch_one_cm":249,"minecraft:play_time":5163,"minecraft:sprint_one_cm":4359,"minecraft:damage_taken":732,"minecraft:deaths":3,"minecraft:sneak_time":478,"minecraft:mob_kills":2,"minecraft:drop":2,"minecraft:jump":29,"minecraft:damage_dealt":300,"minecraft:time_since_death":106,"minecraft:total_world_time":5163,"minecraft:fall_one_cm":1027,"minecraft:interact_with_crafting_table":2,"minecraft:fly_one_cm":2721},"minecraft:mined":{"minecraft:grass_block":2,"minecraft:oak_log":4,"minecraft:dirt":8,"rocks:oak_stick":5,"minecraft:stone":16},"minecraft:killed":{"apocalypsenow:walker_26":1,"zombiemobs:zombie_goat":1},"minecraft:killed_by":{"zombiemobs:zombie_llama":2,"zombiemobs:zombie_goat":1},"minecraft:used":{"minecraft:wooden_sword":2,"minecraft:crafting_table":1,"minecraft:wooden_pickaxe":26}},"DataVersion":2975}