{"stats":{"minecraft:used":{"minecraft:stone_axe":3,"minecraft:apple":1,"minecraft:stone_sword":24,"minecraft:cobblestone":1,"minecraft:crafting_table":1,"minecraft:birch_log":12,"minecraft:wooden_pickaxe":14},"minecraft:picked_up":{"minecraft:birch_log":18,"minecraft:crafting_table":1,"minecraft:apple":1,"apocalypsenow:biohazard_boots":1,"minecraft:dirt":9,"minecraft:cobblestone":9},"minecraft:killed_by":{"apocalypsenow:special_2":1,"apocalypsenow:runner_28":1},"minecraft:mined":{"minecraft:grass_block":3,"minecraft:dirt":6,"minecraft:birch_log":18,"minecraft:stone":9,"minecraft:birch_leaves":1,"minecraft:crafting_table":1,"minecraft:oak_leaves":21},"minecraft:custom":{"minecraft:time_since_rest":531,"minecraft:play_one_minute":25071,"minecraft:crouch_one_cm":500,"minecraft:sprint_one_cm":7869,"minecraft:walk_one_cm":23763,"minecraft:damage_taken":558,"minecraft:deaths":2,"minecraft:sneak_time":364,"minecraft:mob_kills":1,"minecraft:jump":37,"minecraft:damage_dealt":232,"minecraft:walk_on_water_one_cm":1040,"minecraft:time_since_death":498,"minecraft:interact_with_crafting_table":2,"minecraft:fall_one_cm":879,"minecraft:fly_one_cm":29651},"minecraft:crafted":{"minecraft:stone_sword":1,"minecraft:birch_planks":24,"minecraft:stone_axe":1,"minecraft:crafting_table":1,"minecraft:stick":8,"minecraft:stone_pickaxe":1,"minecraft:wooden_pickaxe":1},"minecraft:killed":{"apocalypsenow:runner_28":1}},"DataVersion":2586}